Cluster,Name
0,Student 3
0,Student 88
0,Student 4
0,Student 72
1,Student 8
1,Student 5
1,Student 6
1,Student 59
2,Student 79
2,Student 11
2,Student 19
2,Student 89
3,Student 17
3,Student 86
3,Student 7
3,Student 16
4,Student 76
4,Student 63
4,Student 38
4,Student 34
5,Student 13
5,Student 47
5,Student 40
5,Student 46
6,Student 42
6,Student 14
6,Student 22
6,Student 31
7,Student 64
7,Student 84
7,Student 99
7,Student 82
8,Student 37
8,Student 15
8,Student 25
8,Student 12
9,Student 80
9,Student 90
9,Student 29
9,Student 94
10,Student 68
10,Student 41
10,Student 23
10,Student 69
11,Student 32
11,Student 28
11,Student 93
11,Student 77
12,Student 48
12,Student 98
12,Student 50
12,Student 10
13,Student 70
13,Student 65
13,Student 66
13,Student 54
14,Student 92
14,Student 44
14,Student 26
14,Student 18
15,Student 1
15,Student 52
15,Student 24
15,Student 95
16,Student 56
16,Student 2
16,Student 57
16,Student 33
17,Student 55
17,Student 35
17,Student 27
17,Student 20
18,Student 9
18,Student 91
18,Student 85
18,Student 67
19,Student 61
19,Student 83
19,Student 96
19,Student 87
20,Student 78
20,Student 71
20,Student 30
20,Student 81
21,Student 73
21,Student 45
21,Student 36
21,Student 60
22,Student 62
22,Student 74
22,Student 58
22,Student 97
23,Student 100
23,Student 51
23,Student 39
23,Student 43
24,Student 75
24,Student 53
24,Student 49
24,Student 21
